narrative,platform,posts,avg_engagement,median_engagement,total_engagement
coding_dev,tiktok,76,5204.9,1066.5,395572
coding_dev,youtube,104,5118.9,758.5,532366
coding_dev,instagram,122,5116.6,1023.5,624221
coding_dev,reddit,136,1355.4,448.0,184333
coding_dev,twitter,57,916.1,146.0,52218
coding_dev,threads,98,460.3,126.5,45113
coding_dev,linkedin,127,80.8,12.0,10264
comparison,tiktok,48,22421.8,1118.5,1076245
comparison,instagram,78,8254.7,26.0,643869
comparison,youtube,86,5835.9,154.0,501884
comparison,reddit,68,1639.5,65.0,111487
comparison,twitter,91,357.4,10.0,32523
comparison,threads,57,346.0,26.0,19724
comparison,linkedin,110,71.0,13.0,7808
education_tutorial,tiktok,48,61069.6,769.0,2931341
education_tutorial,twitter,20,8004.3,166.0,160086
education_tutorial,instagram,84,7139.7,1317.5,599734
education_tutorial,youtube,64,2753.5,844.5,176224
education_tutorial,reddit,45,2210.4,691.0,99468
education_tutorial,threads,26,294.2,242.0,7649
education_tutorial,linkedin,71,125.2,15.0,8892
productivity_roi,tiktok,23,25090.6,2376.0,577084
productivity_roi,instagram,102,6061.8,201.0,618299
productivity_roi,reddit,67,1896.0,682.0,127033
productivity_roi,youtube,29,1624.1,92.0,47100
productivity_roi,twitter,34,915.3,299.5,31119
productivity_roi,threads,29,488.4,126.0,14164
productivity_roi,linkedin,75,109.8,15.0,8236
switching,youtube,17,2246.6,121.0,38193
switching,instagram,9,2146.7,345.0,19320
switching,threads,7,1216.4,569.0,8515
switching,reddit,12,859.5,261.5,10314
switching,tiktok,10,448.9,109.5,4489
switching,twitter,4,310.0,312.5,1240
switching,linkedin,17,67.1,20.0,1140
trust_safety,tiktok,4,34112.8,7500.5,136451
trust_safety,instagram,15,10421.2,365.0,156318
trust_safety,reddit,36,1937.6,525.5,69752
trust_safety,twitter,8,739.9,53.5,5919
trust_safety,threads,4,405.2,116.0,1621
trust_safety,youtube,4,180.5,176.0,722
trust_safety,linkedin,36,28.0,5.5,1007
