week,platform,mentions
2019-01-21,instagram,1
2020-03-30,tiktok,1
2020-04-06,tiktok,1
2020-12-21,tiktok,1
2021-03-22,tiktok,1
2021-03-29,tiktok,1
2021-05-10,tiktok,1
2021-08-30,tiktok,1
2021-11-01,tiktok,1
2022-01-10,tiktok,1
2022-01-24,tiktok,1
2022-01-31,tiktok,1
2022-04-25,instagram,1
2023-02-20,tiktok,1
2023-07-10,twitter,1
2023-07-17,twitter,24
2023-07-24,twitter,32
2023-07-31,tiktok,1
2023-07-31,twitter,38
2023-08-14,instagram,1
2023-09-18,threads,1
2024-01-01,instagram,1
2024-02-19,tiktok,1
2024-03-04,instagram,1
2024-03-04,tiktok,1
2024-03-04,youtube,1
2024-03-11,instagram,1
2024-04-01,youtube,1
2024-04-08,youtube,1
2024-05-13,instagram,1
2024-06-10,instagram,1
2024-06-17,instagram,1
2024-06-17,tiktok,7
2024-06-17,youtube,3
2024-06-24,instagram,1
2024-06-24,youtube,1
2024-07-01,threads,1
2024-07-01,tiktok,2
2024-07-01,youtube,1
2024-07-08,youtube,3
2024-07-15,instagram,2
2024-07-15,tiktok,1
2024-07-15,youtube,2
2024-07-29,youtube,1
2024-08-19,linkedin,1
2024-09-02,youtube,1
2024-09-09,tiktok,1
2024-09-16,youtube,1
2024-09-23,instagram,2
2024-09-23,tiktok,1
2024-09-30,instagram,1
2024-09-30,youtube,1
2024-10-07,tiktok,1
2024-10-07,youtube,1
2024-10-21,instagram,1
2024-10-21,tiktok,7
2024-10-21,youtube,6
2024-10-28,threads,1
2024-10-28,tiktok,1
2024-10-28,youtube,2
2024-11-04,instagram,2
2024-11-11,tiktok,1
2024-11-18,tiktok,1
2024-11-25,tiktok,2
2024-11-25,twitter,10
2024-12-02,threads,1
2024-12-02,twitter,76
2024-12-09,instagram,1
2024-12-09,threads,1
2024-12-30,instagram,1
2024-12-30,youtube,2
2025-01-06,youtube,1
2025-01-13,tiktok,2
2025-01-20,instagram,2
2025-01-27,threads,1
2025-01-27,tiktok,1
2025-01-27,youtube,2
2025-02-03,instagram,1
2025-02-03,youtube,1
2025-02-10,youtube,1
2025-02-17,tiktok,1
2025-02-24,instagram,2
2025-02-24,threads,1
2025-02-24,tiktok,4
2025-02-24,youtube,2
2025-03-03,youtube,1
2025-03-10,threads,2
2025-03-10,tiktok,2
2025-03-17,tiktok,1
2025-03-24,instagram,1
2025-03-24,tiktok,1
2025-03-24,youtube,1
2025-04-07,threads,1
2025-04-07,youtube,1
2025-04-14,instagram,1
2025-04-14,tiktok,1
2025-04-28,youtube,2
2025-05-05,instagram,2
2025-05-05,youtube,2
2025-05-12,youtube,1
2025-05-19,instagram,1
2025-05-19,reddit,2
2025-05-19,threads,2
2025-05-19,tiktok,5
2025-05-26,threads,1
2025-06-02,instagram,3
2025-06-02,reddit,3
2025-06-02,threads,1
2025-06-02,youtube,2
2025-06-09,reddit,1
2025-06-09,tiktok,5
2025-06-16,reddit,2
2025-06-16,tiktok,1
2025-06-16,youtube,4
2025-06-23,reddit,2
2025-06-23,tiktok,1
2025-06-23,youtube,2
2025-06-30,instagram,1
2025-07-07,instagram,2
2025-07-07,tiktok,1
2025-07-07,youtube,3
2025-07-14,instagram,2
2025-07-14,reddit,1
2025-07-14,tiktok,3
2025-07-21,instagram,1
2025-07-21,reddit,2
2025-07-21,threads,1
2025-07-21,tiktok,1
2025-07-21,youtube,3
2025-07-28,instagram,3
2025-07-28,reddit,5
2025-07-28,tiktok,1
2025-08-04,instagram,1
2025-08-04,reddit,2
2025-08-04,threads,1
2025-08-04,tiktok,1
2025-08-04,youtube,2
2025-08-11,reddit,3
2025-08-11,tiktok,2
2025-08-11,youtube,1
2025-08-18,instagram,2
2025-08-18,reddit,2
2025-08-18,youtube,4
2025-08-25,instagram,1
2025-08-25,threads,1
2025-08-25,tiktok,1
2025-09-01,instagram,3
2025-09-01,tiktok,1
2025-09-01,youtube,1
2025-09-08,instagram,2
2025-09-08,reddit,1
2025-09-08,tiktok,2
2025-09-08,youtube,1
2025-09-15,instagram,2
2025-09-15,youtube,1
2025-09-22,instagram,1
2025-09-22,tiktok,2
2025-09-22,youtube,2
2025-09-29,instagram,6
2025-09-29,reddit,4
2025-09-29,tiktok,4
2025-09-29,youtube,2
2025-10-06,instagram,1
2025-10-06,reddit,1
2025-10-06,tiktok,2
2025-10-13,instagram,9
2025-10-13,reddit,1
2025-10-13,tiktok,2
2025-10-20,instagram,2
2025-10-20,threads,2
2025-10-20,youtube,2
2025-10-27,reddit,3
2025-10-27,threads,1
2025-10-27,tiktok,3
2025-10-27,youtube,2
2025-11-03,instagram,3
2025-11-03,reddit,1
2025-11-03,threads,1
2025-11-03,tiktok,2
2025-11-03,youtube,1
2025-11-10,instagram,2
2025-11-10,reddit,2
2025-11-17,instagram,2
2025-11-17,reddit,1
2025-11-17,tiktok,3
2025-11-17,youtube,3
2025-11-24,instagram,2
2025-11-24,reddit,2
2025-11-24,tiktok,2
2025-11-24,youtube,8
2025-12-01,reddit,4
2025-12-01,threads,2
2025-12-01,youtube,5
2025-12-08,instagram,4
2025-12-08,reddit,2
2025-12-08,youtube,4
2025-12-15,instagram,2
2025-12-15,reddit,3
2025-12-15,tiktok,3
2025-12-15,youtube,6
2025-12-22,instagram,1
2025-12-22,reddit,2
2025-12-22,threads,3
2025-12-22,youtube,4
2025-12-29,instagram,2
2025-12-29,reddit,1
2025-12-29,threads,3
2025-12-29,tiktok,1
2025-12-29,youtube,2
2026-01-05,instagram,4
2026-01-05,reddit,3
2026-01-05,threads,3
2026-01-05,tiktok,1
2026-01-05,youtube,1
2026-01-12,instagram,4
2026-01-12,reddit,2
2026-01-12,tiktok,6
2026-01-19,instagram,1
2026-01-19,threads,2
2026-01-19,tiktok,2
2026-01-26,reddit,2
2026-01-26,threads,2
2026-01-26,tiktok,1
2026-01-26,youtube,2
2026-02-02,instagram,4
2026-02-02,reddit,6
2026-02-02,threads,2
2026-02-02,tiktok,4
2026-02-02,youtube,6
2026-02-09,instagram,8
2026-02-09,reddit,3
2026-02-09,threads,3
2026-02-09,tiktok,6
2026-02-09,youtube,4
2026-02-16,instagram,10
2026-02-16,reddit,5
2026-02-16,threads,7
2026-02-16,tiktok,5
2026-02-16,youtube,2
2026-02-23,instagram,15
2026-02-23,reddit,30
2026-02-23,threads,22
2026-02-23,tiktok,12
2026-02-23,youtube,5
2026-03-02,instagram,14
2026-03-02,linkedin,2
2026-03-02,reddit,13
2026-03-02,threads,11
2026-03-02,tiktok,17
2026-03-02,youtube,9
2026-03-09,instagram,21
2026-03-09,linkedin,20
2026-03-09,reddit,14
2026-03-09,threads,16
2026-03-09,tiktok,12
2026-03-09,youtube,8
2026-03-16,instagram,30
2026-03-16,linkedin,15
2026-03-16,reddit,9
2026-03-16,threads,13
2026-03-16,tiktok,10
2026-03-16,youtube,6
2026-03-23,instagram,28
2026-03-23,linkedin,6
2026-03-23,reddit,14
2026-03-23,threads,19
2026-03-23,tiktok,30
2026-03-23,twitter,30
2026-03-23,youtube,15
2026-03-30,instagram,25
2026-03-30,linkedin,224
2026-03-30,reddit,141
2026-03-30,threads,94
2026-03-30,tiktok,88
2026-03-30,twitter,83
2026-03-30,youtube,50
